id,first_name,last_name,email,gender,ip_address
1,Marlyn,Shippam,mshippam0@japanpost.jp,Female,53.192.221.190
2,Nealson,Erdis,nerdis1@nifty.com,Male,235.251.76.186
3,Birgitta,Forson,bforson2@hexun.com,Non-binary,160.226.33.29
4,Allys,Corkitt,acorkitt3@photobucket.com,Female,241.255.59.12
5,Rivalee,Peschmann,rpeschmann4@clickbank.net,Female,12.180.70.178
6,Cad,Cawood,ccawood5@simplemachines.org,Male,51.174.55.105
7,Sharla,Hutt,shutt6@woothemes.com,Female,80.195.49.158
8,Baily,Darracott,bdarracott7@constantcontact.com,Male,91.1.118.254
9,Merrilee,Rickaert,mrickaert8@samsung.com,Female,153.135.176.139
10,Cindelyn,Floweth,cfloweth9@1688.com,Female,82.14.127.39
11,Ber,Playfair,bplayfaira@mayoclinic.com,Male,70.230.30.17
12,Stephanie,Grinstead,sgrinsteadb@businessweek.com,Genderfluid,144.33.170.38
13,Constantina,Shakelade,cshakeladec@i2i.jp,Female,105.212.178.76
14,Neall,Dabrowski,ndabrowskid@nba.com,Polygender,9.204.33.130
15,Roby,Prate,rpratee@ifeng.com,Female,17.150.140.203
16,Menard,Noon,mnoonf@cmu.edu,Male,35.123.205.162
17,Magdaia,Buggy,mbuggyg@twitter.com,Female,61.40.161.136
18,Cordie,Liptrot,cliptroth@free.fr,Male,152.184.12.113
19,Arron,Trudgeon,atrudgeoni@histats.com,Male,73.82.227.187
20,Farlee,Segebrecht,fsegebrechtj@ow.ly,Male,246.109.2.122
21,Judith,McGhee,jmcgheek@nps.gov,Agender,34.68.145.247
22,Cilka,Jiran,cjiranl@amazon.co.jp,Female,216.76.127.93
23,Faulkner,Brookesbie,fbrookesbiem@omniture.com,Male,174.33.94.227
24,Tynan,Kentish,tkentishn@theglobeandmail.com,Male,57.61.200.64
25,Maureen,Kamena,mkamenao@w3.org,Female,253.255.236.198
26,Chrisy,Peotz,cpeotzp@huffingtonpost.com,Polygender,48.254.201.36
27,Wilburt,De Vere,wdevereq@opensource.org,Genderqueer,72.185.213.69
28,Corrine,Moorrud,cmoorrudr@tripadvisor.com,Female,76.118.155.239
29,Daniel,Barensky,dbarenskys@google.com.hk,Male,5.238.226.51
30,Rich,McKane,rmckanet@pinterest.com,Male,28.158.251.155
31,Clemmie,Verne,cverneu@hugedomains.com,Male,220.105.155.62
32,Grace,Meigh,gmeighv@fda.gov,Female,22.114.58.121
33,Egor,Gianni,egianniw@yale.edu,Male,238.19.137.42
34,Barris,Barrack,bbarrackx@oracle.com,Male,203.205.221.211
35,Dolorita,Beagles,dbeaglesy@pcworld.com,Female,150.226.185.90
36,Mallissa,Hake,mhakez@myspace.com,Female,128.47.166.5
37,Dominica,Pyke,dpyke10@angelfire.com,Female,189.46.15.72
38,Steffie,Dobbyn,sdobbyn11@amazon.co.jp,Female,244.1.52.33
39,Aggi,Crop,acrop12@hc360.com,Female,253.31.245.144
40,Regen,Lismer,rlismer13@dell.com,Male,55.74.224.19
41,Pace,Bricknell,pbricknell14@istockphoto.com,Male,124.50.210.135
42,Rafaellle,Chazotte,rchazotte15@shop-pro.jp,Male,147.205.157.221
43,Maje,Wynes,mwynes16@oaic.gov.au,Genderfluid,192.44.188.203
44,Carlos,Trudgian,ctrudgian17@free.fr,Male,96.123.205.136
45,Pauli,Boliver,pboliver18@nsw.gov.au,Female,47.11.175.14
46,Filmer,Hilary,fhilary19@earthlink.net,Bigender,127.198.109.139
47,Bastien,Hempshall,bhempshall1a@nymag.com,Male,17.89.11.172
48,Greggory,Barnewille,gbarnewille1b@apple.com,Male,48.32.130.253
49,Molly,Treherne,mtreherne1c@mlb.com,Female,135.91.57.26
50,Tudor,Tregea,ttregea1d@networkadvertising.org,Male,210.37.246.216
51,Gavin,Cloke,gcloke1e@naver.com,Male,108.254.86.27
52,Connie,Darrell,cdarrell1f@sbwire.com,Non-binary,26.124.245.103
53,Janela,Bispham,jbispham1g@merriam-webster.com,Female,12.7.141.226
54,Jamie,Palombi,jpalombi1h@sohu.com,Male,238.39.36.91
55,Darrin,Horick,dhorick1i@51.la,Male,103.53.20.174
56,Field,Stivey,fstivey1j@google.co.jp,Male,109.44.123.122
57,Joline,Sangwine,jsangwine1k@artisteer.com,Female,126.23.142.17
58,Mark,Flute,mflute1l@europa.eu,Male,245.220.170.201
59,Northrop,Ansteys,nansteys1m@google.ru,Male,125.51.190.65
60,Carin,Wartnaby,cwartnaby1n@freewebs.com,Female,20.139.24.166
61,Barth,Boone,bboone1o@nifty.com,Male,29.226.223.136
62,Vivien,Yglesia,vyglesia1p@umn.edu,Female,53.223.30.170
63,Carleton,Bonifas,cbonifas1q@miitbeian.gov.cn,Male,91.177.51.52
64,Gayel,Havock,ghavock1r@vistaprint.com,Female,182.188.38.75
65,Bastien,Binnion,bbinnion1s@jimdo.com,Male,169.71.41.3
66,Gustaf,Oswell,goswell1t@about.me,Male,159.46.106.77
67,Wilton,Fierro,wfierro1u@e-recht24.de,Male,12.94.64.80
68,Maison,Headland,mheadland1v@gmpg.org,Non-binary,207.175.242.205
69,Ferne,Somers,fsomers1w@twitpic.com,Female,235.167.49.208
70,Jerad,Partner,jpartner1x@dedecms.com,Male,51.128.242.65
71,Olin,Gladstone,ogladstone1y@de.vu,Male,171.117.25.115
72,Emmalynn,Dufoure,edufoure1z@yellowpages.com,Female,66.64.157.92
73,Lavina,O'Kielt,lokielt20@stanford.edu,Female,188.214.115.165
74,Marline,Isaksson,misaksson21@yandex.ru,Female,176.80.56.160
75,Malva,McNae,mmcnae22@wisc.edu,Female,16.99.170.17
76,Jori,Darey,jdarey23@deviantart.com,Female,170.241.14.26
77,Donnie,Upshall,dupshall24@mozilla.com,Female,124.55.63.140
78,Creighton,Duiguid,cduiguid25@wired.com,Male,101.139.138.205
79,Enid,Scandrick,escandrick26@reverbnation.com,Female,208.2.127.73
80,Leighton,Greenleaf,lgreenleaf27@earthlink.net,Male,113.177.36.121
81,Clemence,Ickeringill,cickeringill28@umich.edu,Female,50.55.15.41
82,Shelby,Grainger,sgrainger29@surveymonkey.com,Male,233.114.60.149
83,Merilee,Gautrey,mgautrey2a@walmart.com,Female,44.57.44.27
84,Mathew,Pauleit,mpauleit2b@ebay.com,Male,239.22.200.50
85,Geno,Gaye,ggaye2c@nbcnews.com,Male,236.134.38.42
86,Ricard,Dobrovsky,rdobrovsky2d@sciencedirect.com,Agender,107.130.149.58
87,Lindy,Steynor,lsteynor2e@ftc.gov,Male,136.226.43.229
88,Simone,Fransson,sfransson2f@sciencedirect.com,Non-binary,79.185.16.65
89,Teressa,Cutbush,tcutbush2g@npr.org,Female,185.129.17.226
90,Loralyn,Carme,lcarme2h@odnoklassniki.ru,Female,135.31.185.117
91,Andria,Ferrari,aferrari2i@ebay.co.uk,Female,36.165.108.152
92,Eleen,Pacquet,epacquet2j@webeden.co.uk,Female,77.104.180.195
93,Fred,Eggar,feggar2k@ihg.com,Male,168.250.122.192
94,Shawnee,Fearnley,sfearnley2l@shop-pro.jp,Female,243.129.123.45
95,Katerine,Hilbourne,khilbourne2m@intel.com,Female,211.148.127.67
96,Wilden,McIlharga,wmcilharga2n@youtu.be,Male,111.126.157.17
97,Nickolai,Thomas,nthomas2o@friendfeed.com,Male,177.231.52.31
98,Retha,Oliveira,roliveira2p@thetimes.co.uk,Female,111.171.172.149
99,Galina,Druitt,gdruitt2q@cocolog-nifty.com,Female,220.131.36.7
100,Mahalia,Lambal,mlambal2r@github.io,Female,6.15.147.88
101,Mohandis,Koubek,mkoubek2s@123-reg.co.uk,Male,55.127.128.31
102,Arlan,Monget,amonget2t@intel.com,Male,176.253.93.148
103,Alex,Hallin,ahallin2u@answers.com,Female,210.186.218.171
104,Francois,Aviss,faviss2v@microsoft.com,Male,193.18.31.55
105,Maribelle,Jina,mjina2w@npr.org,Genderfluid,164.195.149.134
106,Verine,Garrud,vgarrud2x@hibu.com,Bigender,241.194.169.0
107,Guntar,Nijs,gnijs2y@pbs.org,Male,206.52.124.211
108,Adel,Boays,aboays2z@chron.com,Female,182.138.211.166
109,Fanni,Fydo,ffydo30@reverbnation.com,Female,173.235.165.116
110,Hamid,Revan,hrevan31@miitbeian.gov.cn,Agender,59.61.54.84
111,Quintina,McKie,qmckie32@techcrunch.com,Female,145.168.104.97
112,Alexis,Eglise,aeglise33@tiny.cc,Female,102.195.188.164
113,Dagny,Ramble,dramble34@quantcast.com,Male,18.218.4.142
114,Godwin,Inglesfield,ginglesfield35@intel.com,Male,155.157.131.193
115,Evangelin,Monks,emonks36@dedecms.com,Female,26.6.47.118
116,Vlad,Bourdon,vbourdon37@lycos.com,Male,7.224.177.117
117,Maia,Jarrette,mjarrette38@fda.gov,Female,10.123.49.196
118,Georgi,Beveridge,gbeveridge39@nature.com,Male,82.109.11.16
119,Gregg,Reckless,greckless3a@youtube.com,Male,124.180.112.79
120,Anabel,Waghorne,awaghorne3b@usa.gov,Female,108.255.78.57
121,Bail,Duchesne,bduchesne3c@berkeley.edu,Male,71.136.247.51
122,Emmet,Bowhey,ebowhey3d@last.fm,Male,19.68.41.189
123,Lira,Garth,lgarth3e@businessweek.com,Female,61.198.137.165
124,Elwood,Pound,epound3f@prnewswire.com,Male,67.111.31.30
125,Grace,Dureden,gdureden3g@gov.uk,Male,198.137.252.106
126,Windy,Seiler,wseiler3h@surveymonkey.com,Female,1.67.3.23
127,Leeann,Sybe,lsybe3i@kickstarter.com,Female,202.24.32.82
128,Linn,Meni,lmeni3j@shinystat.com,Female,121.183.160.28
129,Lefty,Hudleston,lhudleston3k@technorati.com,Male,97.26.233.19
130,Hamid,Bartolomeazzi,hbartolomeazzi3l@cargocollective.com,Male,229.41.129.84
131,Standford,Loren,sloren3m@prnewswire.com,Male,229.197.87.34
132,Franni,Haggleton,fhaggleton3n@webeden.co.uk,Genderfluid,77.75.180.188
133,Jewel,MacBrearty,jmacbrearty3o@yelp.com,Female,65.126.56.184
134,Nicola,Readings,nreadings3p@eventbrite.com,Male,162.21.209.128
135,Jeramie,Liddy,jliddy3q@tinypic.com,Male,33.186.171.203
136,Reynold,Landall,rlandall3r@senate.gov,Male,63.36.158.178
137,Marlin,Lotze,mlotze3s@mit.edu,Male,155.161.23.194
138,Friedrick,Soutter,fsoutter3t@epa.gov,Male,39.61.140.167
139,Curtis,Gillatt,cgillatt3u@cbsnews.com,Male,42.249.221.3
140,Lane,Vlasov,lvlasov3v@vimeo.com,Non-binary,57.129.236.51
141,Karoly,McGirr,kmcgirr3w@sbwire.com,Male,83.222.40.109
142,Donnie,Abernethy,dabernethy3x@shutterfly.com,Female,110.92.75.67
143,Noe,Faires,nfaires3y@hubpages.com,Male,38.138.132.103
144,Nadean,Sudy,nsudy3z@hugedomains.com,Female,218.237.61.223
145,Fawnia,Sizzey,fsizzey40@hp.com,Female,61.121.221.66
146,Torry,Pennicard,tpennicard41@cbslocal.com,Male,217.45.8.34
147,Kimbell,Gow,kgow42@ezinearticles.com,Male,30.79.0.146
148,Franciska,Scurfield,fscurfield43@desdev.cn,Female,252.254.228.118
149,Frederich,Rainbird,frainbird44@merriam-webster.com,Male,125.24.255.19
150,Leticia,Shorto,lshorto45@bravesites.com,Female,59.226.26.53
151,Benedetto,Petrishchev,bpetrishchev46@upenn.edu,Male,137.155.72.169
152,Rodrick,Gaskin,rgaskin47@mail.ru,Male,124.186.163.244
153,Pearline,Murr,pmurr48@constantcontact.com,Female,45.123.214.177
154,Ford,Sybbe,fsybbe49@biglobe.ne.jp,Male,133.108.23.201
155,Cyndy,Crawley,ccrawley4a@google.pl,Female,139.137.193.161
156,Merline,Moulsdale,mmoulsdale4b@w3.org,Female,185.128.40.247
157,Florentia,Braysher,fbraysher4c@ed.gov,Female,114.31.40.75
158,Shurwood,Medland,smedland4d@apple.com,Male,212.101.160.131
159,Taddeusz,Gunner,tgunner4e@ftc.gov,Male,176.215.77.9
160,Cletus,McCaskill,cmccaskill4f@ezinearticles.com,Male,85.141.81.189
161,Kelly,Evreux,kevreux4g@cam.ac.uk,Male,188.146.103.214
162,Torrin,Boles,tboles4h@networksolutions.com,Male,68.122.51.89
163,Sigismundo,Vittet,svittet4i@upenn.edu,Male,116.153.74.106
164,Eden,Heiss,eheiss4j@tamu.edu,Female,145.191.190.181
165,Vaughn,Roycroft,vroycroft4k@opera.com,Genderfluid,11.96.60.192
166,Hieronymus,Blackden,hblackden4l@amazon.de,Male,126.80.39.15
167,Luca,Few,lfew4m@yandex.ru,Male,129.6.34.74
168,Marcelia,Kike,mkike4n@google.it,Female,255.153.38.185
169,Nobe,Gerin,ngerin4o@answers.com,Male,114.125.10.44
170,Bobbee,Goatcher,bgoatcher4p@mozilla.com,Female,106.101.227.127
171,Sammy,Calcott,scalcott4q@bing.com,Male,65.99.202.15
172,Marietta,Grand,mgrand4r@delicious.com,Female,154.49.151.76
173,Karrie,Taylo,ktaylo4s@ycombinator.com,Female,93.79.111.63
174,Maisie,Bottinelli,mbottinelli4t@latimes.com,Female,71.158.111.219
175,Vernon,Scrimgeour,vscrimgeour4u@is.gd,Bigender,161.92.217.15
176,Pip,Peniello,ppeniello4v@google.com.hk,Bigender,141.98.39.153
177,Jonell,Matzke,jmatzke4w@squidoo.com,Female,104.92.94.110
178,Kean,Andrich,kandrich4x@oakley.com,Male,212.113.31.54
179,Noelani,Mathwen,nmathwen4y@godaddy.com,Female,63.121.170.102
180,Jo,Everest,jeverest4z@engadget.com,Male,187.92.168.47
181,Gert,Petrescu,gpetrescu50@weather.com,Female,233.176.223.254
182,Alexander,Gabbetis,agabbetis51@blog.com,Male,28.173.170.125
183,Denny,Guisler,dguisler52@who.int,Female,41.145.146.41
184,Harris,Dyter,hdyter53@dailymotion.com,Male,222.43.241.78
185,Tyler,Glendza,tglendza54@trellian.com,Male,7.52.46.213
186,Guthry,Lintall,glintall55@merriam-webster.com,Male,193.181.194.30
187,Derrek,Beach,dbeach56@xing.com,Male,186.165.75.44
188,Royce,Tripe,rtripe57@marriott.com,Male,93.9.30.222
189,Ulrica,Meiklem,umeiklem58@homestead.com,Female,25.105.124.148
190,Donella,Radbourne,dradbourne59@sciencedirect.com,Female,116.0.78.113
191,Cassandry,Walklot,cwalklot5a@opensource.org,Female,114.22.57.30
192,Tony,Wort,twort5b@opera.com,Male,63.183.94.44
193,Herc,McIlhatton,hmcilhatton5c@jiathis.com,Male,155.38.132.184
194,Blake,Vynarde,bvynarde5d@census.gov,Female,196.179.167.60
195,Hamish,Longega,hlongega5e@blogs.com,Male,90.233.190.52
196,Vanya,Priditt,vpriditt5f@is.gd,Male,153.189.217.41
197,Caitrin,Arundel,carundel5g@elpais.com,Female,113.46.157.161
198,Hans,Diffley,hdiffley5h@deviantart.com,Male,104.120.147.249
199,Christoffer,Knighton,cknighton5i@sourceforge.net,Male,149.253.10.235
200,Ly,Mountney,lmountney5j@webs.com,Bigender,192.117.226.221
201,Constantine,Alcock,calcock5k@kickstarter.com,Non-binary,104.127.18.184
202,Eliot,Leile,eleile5l@ebay.co.uk,Male,137.43.188.0
203,Sharon,Folonin,sfolonin5m@godaddy.com,Female,225.75.213.85
204,Letta,Chatain,lchatain5n@prnewswire.com,Female,81.135.70.132
205,Katleen,Rosenhaus,krosenhaus5o@wikispaces.com,Female,24.234.182.120
206,Diana,Somerton,dsomerton5p@nyu.edu,Agender,237.228.100.250
207,Bernhard,Rowan,browan5q@yellowpages.com,Male,140.109.236.9
208,Xena,Turfitt,xturfitt5r@fda.gov,Female,174.186.72.71
209,Carlin,Davy,cdavy5s@tumblr.com,Male,148.8.226.148
210,Emmey,Tisor,etisor5t@simplemachines.org,Female,125.3.104.15
211,Riki,Brewers,rbrewers5u@bloomberg.com,Female,29.133.43.115
212,Forester,Gristhwaite,fgristhwaite5v@marketwatch.com,Male,216.245.45.161
213,Brook,Karpman,bkarpman5w@dyndns.org,Male,29.125.180.200
214,Boot,Meace,bmeace5x@ed.gov,Agender,235.10.248.36
215,Harrison,Flaonier,hflaonier5y@disqus.com,Male,195.88.197.186
216,Ethelyn,McBoyle,emcboyle5z@discuz.net,Female,181.234.33.14
217,Maddie,Cawsy,mcawsy60@goo.gl,Female,90.81.13.169
218,Ingmar,Allingham,iallingham61@cyberchimps.com,Male,152.227.81.148
219,Xymenes,Butcher,xbutcher62@hexun.com,Male,123.216.130.254
220,Dorothy,Cunnington,dcunnington63@alibaba.com,Female,36.166.120.66
221,Simonette,Smitheram,ssmitheram64@last.fm,Female,160.226.120.252
222,Lorelei,Jenicek,ljenicek65@latimes.com,Female,216.113.63.116
223,Rriocard,Gypps,rgypps66@odnoklassniki.ru,Male,103.237.53.97
224,Boniface,Forsdike,bforsdike67@sciencedirect.com,Male,226.20.131.32
225,Gabe,Roze,groze68@ezinearticles.com,Male,179.91.193.5
226,Kalinda,Calken,kcalken69@theglobeandmail.com,Female,27.59.13.142
227,Weston,Beattie,wbeattie6a@icio.us,Male,199.22.113.106
228,Grete,Scyone,gscyone6b@wordpress.com,Female,10.203.31.192
229,Essy,Flores,eflores6c@seattletimes.com,Female,191.211.252.240
230,Standford,McAsgill,smcasgill6d@soup.io,Male,251.46.2.188
231,Daveen,Haselhurst,dhaselhurst6e@pagesperso-orange.fr,Female,76.188.175.245
232,Martguerita,Baldacco,mbaldacco6f@symantec.com,Agender,219.79.27.203
233,Dori,Carnaman,dcarnaman6g@hp.com,Female,172.4.4.254
234,Bendix,Beggs,bbeggs6h@blogger.com,Male,179.75.179.6
235,Kandace,Riby,kriby6i@cornell.edu,Female,196.221.133.32
236,Arin,Shadwick,ashadwick6j@storify.com,Male,194.34.254.35
237,Rachelle,Avon,ravon6k@archive.org,Female,42.74.61.156
238,Mireille,Pirozzi,mpirozzi6l@liveinternet.ru,Female,131.202.179.140
239,Chilton,Oldridge,coldridge6m@unicef.org,Male,212.186.133.151
240,Roslyn,Girvan,rgirvan6n@umich.edu,Female,3.220.253.50
241,Marquita,Panner,mpanner6o@prlog.org,Female,137.23.96.253
242,Ferrell,Kondratyuk,fkondratyuk6p@usa.gov,Male,89.182.19.72
243,Garnette,Jelks,gjelks6q@xrea.com,Female,140.108.72.12
244,Brietta,Muccino,bmuccino6r@tmall.com,Female,176.70.173.34
245,Jonie,Wallicker,jwallicker6s@uol.com.br,Female,157.218.46.100
246,Woodman,Hubert,whubert6t@scribd.com,Male,255.145.2.98
247,Jessie,Rougier,jrougier6u@php.net,Female,107.99.94.206
248,Marinna,Strover,mstrover6v@weibo.com,Female,106.146.3.209
249,Ewart,Carrier,ecarrier6w@tmall.com,Male,18.251.7.20
250,Hildy,Schistl,hschistl6x@naver.com,Female,100.1.255.179
251,Elinore,Turford,eturford6y@deliciousdays.com,Female,253.243.154.49
252,Morgen,Cromwell,mcromwell6z@blogger.com,Male,214.94.125.132
253,Donn,Beefon,dbeefon70@princeton.edu,Male,126.157.41.108
254,Kelley,Kaasman,kkaasman71@xinhuanet.com,Genderqueer,163.247.232.243
255,Zitella,Liggett,zliggett72@theatlantic.com,Female,246.150.106.39
256,Mathilda,Heffy,mheffy73@engadget.com,Female,130.247.71.162
257,Oby,Colleck,ocolleck74@360.cn,Male,226.13.158.59
258,Curr,Bole,cbole75@skyrock.com,Male,106.191.19.73
259,Kirbee,Van,kvan76@360.cn,Female,18.68.17.74
260,Pippo,Chastan,pchastan77@1688.com,Male,9.52.25.73
261,Milty,Wentworth,mwentworth78@domainmarket.com,Male,121.100.234.91
262,Rocky,Yaknov,ryaknov79@cnbc.com,Male,21.45.41.158
263,Cally,Brunton,cbrunton7a@intel.com,Female,230.119.94.143
264,Judon,Beaushaw,jbeaushaw7b@symantec.com,Male,135.165.16.241
265,Josepha,Tilston,jtilston7c@yahoo.com,Female,241.54.238.252
266,Lucinda,Mulgrew,lmulgrew7d@gravatar.com,Female,26.250.145.97
267,Zea,Pelosi,zpelosi7e@gmpg.org,Female,172.60.142.34
268,Jere,Cisson,jcisson7f@bluehost.com,Female,123.5.223.42
269,Shina,Ferrer,sferrer7g@theguardian.com,Female,240.46.129.153
270,Briano,Stretton,bstretton7h@purevolume.com,Male,158.51.69.211
271,Ximenez,Kift,xkift7i@ed.gov,Male,2.174.193.193
272,Kirsti,Midgley,kmidgley7j@tripod.com,Polygender,51.78.57.144
273,Rocky,Fermin,rfermin7k@army.mil,Male,235.135.64.149
274,Tully,Bortoluzzi,tbortoluzzi7l@meetup.com,Male,14.38.192.176
275,Nicolle,Sikora,nsikora7m@github.io,Female,8.119.12.182
276,Morna,Braven,mbraven7n@fda.gov,Female,85.42.67.151
277,Osmond,Housecroft,ohousecroft7o@illinois.edu,Male,52.21.11.155
278,Creigh,Moxom,cmoxom7p@homestead.com,Agender,217.56.57.251
279,Mirabella,Lartice,mlartice7q@forbes.com,Female,69.36.107.86
280,Timotheus,Pach,tpach7r@telegraph.co.uk,Male,58.169.125.106
281,Tully,Wiskar,twiskar7s@about.me,Male,114.73.221.92
282,Francisco,McCurry,fmccurry7t@nydailynews.com,Male,96.132.160.95
283,Udale,Joslow,ujoslow7u@eepurl.com,Male,24.65.158.4
284,Cos,Tudor,ctudor7v@hugedomains.com,Male,184.51.51.66
285,Catina,McClements,cmcclements7w@timesonline.co.uk,Female,167.86.172.111
286,Iain,Chalke,ichalke7x@engadget.com,Genderqueer,50.180.39.3
287,Lisabeth,Lanchberry,llanchberry7y@photobucket.com,Female,25.24.186.195
288,Lewes,Jonson,ljonson7z@amazonaws.com,Male,105.250.234.229
289,Gordy,Edgeler,gedgeler80@homestead.com,Male,250.117.64.134
290,Miles,Risely,mrisely81@blogger.com,Male,67.123.54.172
291,Robb,Wainscoat,rwainscoat82@1und1.de,Male,191.55.23.205
292,Cecile,Castane,ccastane83@creativecommons.org,Female,188.117.247.248
293,Roch,Noden,rnoden84@smh.com.au,Female,215.124.119.213
294,Marsh,Steanson,msteanson85@google.de,Male,142.0.54.46
295,Holt,Devenport,hdevenport86@zdnet.com,Male,72.215.154.236
296,Willa,Babcock,wbabcock87@google.nl,Agender,242.2.74.183
297,Maribeth,Kershow,mkershow88@vistaprint.com,Female,97.197.119.37
298,Dierdre,McGiff,dmcgiff89@fc2.com,Female,105.223.85.140
299,Woodrow,Darycott,wdarycott8a@cornell.edu,Male,152.240.164.159
300,Trisha,Chisolm,tchisolm8b@macromedia.com,Female,6.182.85.78
301,Jeremias,Taffee,jtaffee8c@issuu.com,Male,140.210.164.196
302,Evyn,Hardeman,ehardeman8d@bluehost.com,Male,49.71.88.69
303,Locke,Reekie,lreekie8e@sun.com,Male,29.56.216.180
304,Sayer,Mariotte,smariotte8f@chicagotribune.com,Genderqueer,96.192.32.79
305,Mercedes,Inkle,minkle8g@youtu.be,Female,197.52.104.239
306,Noelle,Minors,nminors8h@cdbaby.com,Female,186.127.197.121
307,Ashla,Goscar,agoscar8i@sciencedaily.com,Genderfluid,153.61.39.211
308,Roxanne,Gleeton,rgleeton8j@php.net,Female,209.48.49.69
309,Adolphe,Beatens,abeatens8k@economist.com,Male,141.56.225.193
310,Allyson,Berendsen,aberendsen8l@myspace.com,Female,44.255.229.43
311,Cindy,Amar,camar8m@123-reg.co.uk,Female,236.14.88.26
312,Pietrek,Gleasane,pgleasane8n@goodreads.com,Polygender,73.155.148.100
313,Freedman,Semple,fsemple8o@alexa.com,Male,111.99.112.220
314,Lindie,Pennaman,lpennaman8p@wikimedia.org,Female,49.62.220.91
315,Sherm,Woodburn,swoodburn8q@wufoo.com,Agender,172.47.46.214
316,Palmer,Jobson,pjobson8r@symantec.com,Male,39.89.227.179
317,Glenden,Frensche,gfrensche8s@google.pl,Male,203.197.174.89
318,Valentin,McMenamie,vmcmenamie8t@unicef.org,Male,19.216.42.173
319,Homer,Trudgian,htrudgian8u@usnews.com,Male,115.26.163.9
320,Madelene,Jerche,mjerche8v@unicef.org,Female,121.64.199.152
321,Anabel,Berardt,aberardt8w@psu.edu,Female,112.57.199.76
322,Hale,Rekes,hrekes8x@trellian.com,Male,3.120.126.5
323,Celestine,Halvosen,chalvosen8y@e-recht24.de,Female,131.53.54.249
324,Modesty,Whiterod,mwhiterod8z@ebay.co.uk,Female,251.125.252.220
325,Alex,Wattingham,awattingham90@vistaprint.com,Female,106.108.96.179
326,Dieter,Hardey,dhardey91@thetimes.co.uk,Male,110.248.221.36
327,Trefor,McShea,tmcshea92@webmd.com,Male,14.216.138.92
328,Nealon,Cauthra,ncauthra93@fastcompany.com,Male,100.61.139.194
329,Baxy,Turfs,bturfs94@ihg.com,Male,244.62.72.14
330,Rollins,Dionisetto,rdionisetto95@squidoo.com,Male,201.240.249.134
331,Tiphany,Nuscha,tnuscha96@bbb.org,Female,89.186.172.253
332,Annabal,McEllen,amcellen97@ca.gov,Female,73.12.227.6
333,Brew,Cudby,bcudby98@microsoft.com,Male,127.186.160.73
334,Leonora,Becker,lbecker99@barnesandnoble.com,Female,27.241.86.67
335,Ethelda,Hooks,ehooks9a@miitbeian.gov.cn,Female,29.109.254.149
336,Dunn,Bartholomaus,dbartholomaus9b@hexun.com,Male,237.26.52.126
337,Amitie,Kitchingman,akitchingman9c@so-net.ne.jp,Female,147.92.145.254
338,Nadine,Lapish,nlapish9d@comcast.net,Female,209.214.96.88
339,Harrison,Gyford,hgyford9e@statcounter.com,Male,46.202.78.107
340,Emmalee,Sallinger,esallinger9f@live.com,Female,153.58.85.51
341,Shela,Seabrook,sseabrook9g@uol.com.br,Non-binary,19.94.89.158
342,Barbey,Ferneyhough,bferneyhough9h@elpais.com,Female,25.48.4.196
343,Bax,Boother,bboother9i@craigslist.org,Male,238.129.217.60
344,Teddy,Aldersea,taldersea9j@youtube.com,Female,100.169.100.69
345,Hestia,Heyfield,hheyfield9k@blogspot.com,Female,37.205.233.224
346,Sim,Schall,sschall9l@yelp.com,Male,62.133.199.4
347,Josepha,Zimmermanns,jzimmermanns9m@archive.org,Female,244.3.66.197
348,Gaelan,Bater,gbater9n@alibaba.com,Male,164.175.209.100
349,Catie,McCorkell,cmccorkell9o@ask.com,Female,205.161.87.35
350,Starr,Lifton,slifton9p@constantcontact.com,Polygender,133.223.118.60
351,Cherianne,Rickerd,crickerd9q@wordpress.com,Female,195.117.249.120
352,Ailey,Piers,apiers9r@youtu.be,Female,61.152.48.16
353,Glyn,Jenman,gjenman9s@businesswire.com,Male,86.129.113.47
354,Willie,Chicco,wchicco9t@reddit.com,Male,179.39.158.115
355,Pebrook,Gilfoy,pgilfoy9u@slate.com,Male,27.185.201.141
356,Ash,Haberjam,ahaberjam9v@who.int,Male,41.170.238.147
357,Agnese,Coster,acoster9w@auda.org.au,Female,25.227.84.8
358,Dasha,Pucker,dpucker9x@opensource.org,Female,12.4.160.77
359,Harvey,Le Brun,hlebrun9y@blogs.com,Male,234.108.220.93
360,Gran,Dominique,gdominique9z@chron.com,Male,3.121.51.66
361,Chrysa,Horburgh,chorburgha0@amazonaws.com,Non-binary,77.117.77.131
362,Twila,Brumfitt,tbrumfitta1@ihg.com,Female,224.174.56.14
363,Kahlil,Quant,kquanta2@ucla.edu,Male,113.223.232.50
364,Edithe,Lambe,elambea3@hexun.com,Female,84.224.153.91
365,Gage,Arnoult,garnoulta4@state.gov,Male,105.137.146.81
366,Manfred,Menpes,mmenpesa5@cisco.com,Male,40.49.36.81
367,Jennine,Curneen,jcurneena6@surveymonkey.com,Female,156.25.67.254
368,Doloritas,Berkley,dberkleya7@salon.com,Female,127.125.90.200
369,Trumaine,Pluck,tplucka8@businesswire.com,Male,78.63.69.58
370,Estel,Stieger,estiegera9@joomla.org,Female,91.17.92.178
371,Court,Wyllcocks,cwyllcocksaa@soup.io,Male,197.115.32.230
372,Faustine,Byart,fbyartab@blog.com,Female,233.71.53.165
373,Eustace,Ivkovic,eivkovicac@vistaprint.com,Male,192.80.104.65
374,Karylin,Gilluley,kgilluleyad@canalblog.com,Female,237.205.246.194
375,Elke,Scrimshire,escrimshireae@histats.com,Female,42.3.65.198
376,Jase,Mepham,jmephamaf@networkadvertising.org,Male,226.186.104.203
377,Franzen,Runnett,frunnettag@earthlink.net,Male,147.190.130.178
378,Raffarty,Truter,rtruterah@hubpages.com,Male,162.251.178.191
379,Sena,Bellworthy,sbellworthyai@hostgator.com,Non-binary,99.222.105.175
380,Ulric,Keay,ukeayaj@quantcast.com,Male,150.30.142.83
381,Kyle,Campo,kcampoak@google.com.au,Male,105.208.40.103
382,Mercedes,Proctor,mproctoral@google.cn,Female,220.161.183.214
383,Cooper,McTeer,cmcteeram@sbwire.com,Male,218.14.9.85
384,Aland,Boggish,aboggishan@example.com,Male,177.163.62.105
385,Julita,Del Castello,jdelcastelloao@usda.gov,Female,51.155.138.249
386,Gorden,Passingham,gpassinghamap@cyberchimps.com,Genderqueer,48.226.248.208
387,Temp,Fawdrie,tfawdrieaq@auda.org.au,Male,253.255.242.73
388,Russell,Schwanden,rschwandenar@51.la,Male,193.18.132.164
389,Danya,Vigar,dvigaras@fastcompany.com,Female,28.52.246.68
390,Karlens,Poolton,kpooltonat@pbs.org,Polygender,47.85.92.80
391,Ilka,Lyste,ilysteau@bizjournals.com,Female,116.154.239.18
392,Lorrie,Fellowes,lfellowesav@comcast.net,Male,3.85.12.7
393,Augusta,Folliss,afollissaw@mediafire.com,Female,200.94.38.56
394,Emmery,Radband,eradbandax@ameblo.jp,Agender,111.32.246.102
395,Curr,Meddick,cmeddickay@goodreads.com,Male,51.180.220.125
396,Natividad,MacGilrewy,nmacgilrewyaz@plala.or.jp,Female,116.4.244.179
397,Sofia,Bampford,sbampfordb0@youtube.com,Female,16.188.204.37
398,Rea,Docharty,rdochartyb1@technorati.com,Female,135.25.212.18
399,Libbie,Isard,lisardb2@theatlantic.com,Female,134.85.201.212
400,Hannie,Vlahos,hvlahosb3@quantcast.com,Female,163.5.81.16
401,Fern,Yapp,fyappb4@networksolutions.com,Female,157.147.234.138
402,Fiorenze,Iggalden,figgaldenb5@loc.gov,Female,67.51.18.192
403,Lacee,Mahony,lmahonyb6@tripadvisor.com,Female,77.214.142.76
404,Giles,Cubitt,gcubittb7@arizona.edu,Male,46.188.124.73
405,Marion,Paylor,mpaylorb8@desdev.cn,Female,193.111.224.95
406,Chryste,Middlewick,cmiddlewickb9@blinklist.com,Female,117.252.251.179
407,Jimmie,Dax,jdaxba@wsj.com,Male,50.33.2.30
408,Matelda,Edlestone,medlestonebb@msu.edu,Polygender,106.167.73.85
409,Arvin,Ambrogetti,aambrogettibc@walmart.com,Male,50.39.233.95
410,Martelle,Gilligan,mgilliganbd@mozilla.com,Female,240.95.246.36
411,Euphemia,Corbie,ecorbiebe@senate.gov,Genderfluid,87.78.250.186
412,Lionello,Sahlstrom,lsahlstrombf@jalbum.net,Male,76.17.122.126
413,Barret,Worgen,bworgenbg@yellowpages.com,Male,175.168.178.10
414,Peadar,Stoppe,pstoppebh@goo.ne.jp,Male,88.99.88.154
415,Murry,Brewerton,mbrewertonbi@vimeo.com,Male,52.127.60.172
416,Jourdain,Scard,jscardbj@printfriendly.com,Male,95.127.23.252
417,Natty,Andrich,nandrichbk@epa.gov,Male,210.147.231.27
418,Nanice,Drust,ndrustbl@blinklist.com,Genderqueer,118.230.43.213
419,Bord,Campaigne,bcampaignebm@techcrunch.com,Male,120.208.78.12
420,Iver,MacCracken,imaccrackenbn@sohu.com,Polygender,7.182.99.145
421,Danielle,Giacobilio,dgiacobiliobo@zdnet.com,Female,19.122.156.32
422,Kiersten,Daudray,kdaudraybp@time.com,Female,100.220.72.230
423,Alisha,Della Scala,adellascalabq@drupal.org,Genderqueer,229.162.13.5
424,Augustin,Cleeton,acleetonbr@google.com.hk,Genderqueer,56.101.246.162
425,Kimmi,Shawdforth,kshawdforthbs@infoseek.co.jp,Female,146.178.88.129
426,Kent,Hobgen,khobgenbt@seattletimes.com,Male,123.203.130.212
427,Halette,Zouch,hzouchbu@com.com,Bigender,157.175.253.241
428,Lois,Spenton,lspentonbv@sciencedirect.com,Female,120.68.219.64
429,Lurlene,Tregear,ltregearbw@pagesperso-orange.fr,Female,133.69.141.127
430,Almeria,Seegar,aseegarbx@weather.com,Female,70.38.158.127
431,Duffy,Westphal,dwestphalby@imgur.com,Male,151.49.129.225
432,Rania,Gretton,rgrettonbz@google.fr,Female,158.235.67.49
433,Somerset,Giffard,sgiffardc0@blog.com,Male,100.191.147.15
434,Jerrilyn,Boylan,jboylanc1@sourceforge.net,Female,82.12.47.224
435,Grantley,Saggs,gsaggsc2@tmall.com,Male,138.191.247.112
436,Merilee,Popley,mpopleyc3@irs.gov,Female,95.75.143.136
437,Ernesta,Nurcombe,enurcombec4@ustream.tv,Female,200.102.253.184
438,Lishe,Gilliatt,lgilliattc5@harvard.edu,Genderqueer,223.167.185.20
439,Noelani,Marklund,nmarklundc6@admin.ch,Female,201.104.249.193
440,Chicky,Hearnes,chearnesc7@telegraph.co.uk,Agender,130.69.230.149
441,Cherish,Goundsy,cgoundsyc8@soup.io,Female,214.170.217.11
442,Loren,Hierro,lhierroc9@msu.edu,Female,96.214.162.106
443,Bentlee,Berrecloth,bberreclothca@howstuffworks.com,Male,111.160.103.70
444,Broderic,MacFie,bmacfiecb@so-net.ne.jp,Male,5.65.176.150
445,Meade,Minshall,mminshallcc@nature.com,Male,97.219.128.83
446,Barby,Chapman,bchapmancd@disqus.com,Female,128.252.39.246
447,Elroy,Edel,eedelce@163.com,Male,238.119.41.60
448,Rhodia,Sabine,rsabinecf@icio.us,Female,61.122.226.163
449,Lynsey,Ibert,libertcg@tinyurl.com,Female,217.89.51.197
450,Linus,Tosdevin,ltosdevinch@themeforest.net,Male,105.40.59.192
451,Solomon,Medendorp,smedendorpci@wsj.com,Male,195.106.244.192
452,Kinsley,Duce,kducecj@issuu.com,Male,203.67.75.149
453,Nigel,Iacovacci,niacovaccick@yolasite.com,Male,89.219.90.123
454,Maridel,Nester,mnestercl@bravesites.com,Female,96.149.39.35
455,Doretta,Kardos,dkardoscm@purevolume.com,Female,62.102.81.39
456,Odette,Neesham,oneeshamcn@ifeng.com,Female,28.27.15.155
457,Lonnard,Sowrey,lsowreyco@google.co.jp,Male,183.63.13.47
458,Xena,Zielinski,xzielinskicp@myspace.com,Female,174.145.14.143
459,Veronika,Morecomb,vmorecombcq@issuu.com,Female,109.52.66.194
460,Osbourne,Skeemer,oskeemercr@canalblog.com,Male,203.72.71.2
461,Pate,Quin,pquincs@mozilla.com,Male,190.159.191.7
462,Ashley,Gallihaulk,agallihaulkct@blogspot.com,Male,140.98.167.100
463,Dew,Helliar,dhelliarcu@gizmodo.com,Male,127.212.44.223
464,Trudi,Nare,tnarecv@utexas.edu,Female,64.245.128.25
465,Hazlett,Merriott,hmerriottcw@goo.ne.jp,Male,249.53.62.68
466,Larry,Rushworth,lrushworthcx@tuttocitta.it,Male,196.234.97.156
467,Helsa,Tailby,htailbycy@ovh.net,Female,23.165.119.14
468,Korey,Passo,kpassocz@baidu.com,Male,70.230.173.91
469,Jaymee,Kildahl,jkildahld0@sina.com.cn,Female,83.130.102.141
470,Pierce,Robertacci,probertaccid1@hugedomains.com,Male,71.187.75.62
471,Lorinda,Potier,lpotierd2@who.int,Bigender,139.154.71.7
472,Adria,Lissandre,alissandred3@last.fm,Female,179.115.8.80
473,Zacharias,Croydon,zcroydond4@sbwire.com,Male,64.242.99.252
474,Shana,Hambly,shamblyd5@squidoo.com,Female,172.92.245.14
475,Filberto,Knighton,fknightond6@biblegateway.com,Male,179.153.198.129
476,Farley,Skin,fskind7@themeforest.net,Male,123.152.237.195
477,Peterus,Matkovic,pmatkovicd8@livejournal.com,Male,218.94.11.100
478,Randal,Goadsby,rgoadsbyd9@baidu.com,Male,150.45.5.41
479,Maurice,Daber,mdaberda@theglobeandmail.com,Male,43.221.7.53
480,Kit,Fibben,kfibbendb@blogspot.com,Female,81.255.4.74
481,Terrie,Snarie,tsnariedc@acquirethisname.com,Female,25.45.90.75
482,Wilie,Licence,wlicencedd@google.ca,Female,193.195.119.34
483,Gabbi,Pendergrast,gpendergrastde@php.net,Female,185.122.77.134
484,Wye,Morson,wmorsondf@163.com,Male,172.118.143.97
485,Cahra,Meadley,cmeadleydg@stumbleupon.com,Female,218.61.173.58
486,Dar,McGarvie,dmcgarviedh@mail.ru,Polygender,9.181.201.53
487,Rosalia,Podd,rpodddi@oaic.gov.au,Female,241.95.214.40
488,Aurilia,Loughrey,aloughreydj@chron.com,Female,162.161.171.57
489,Vivien,Finkle,vfinkledk@google.es,Female,96.137.42.160
490,Iolanthe,Champkins,ichampkinsdl@stumbleupon.com,Female,74.193.106.7
491,Siward,Guys,sguysdm@g.co,Male,184.233.223.77
492,Khalil,Camplejohn,kcamplejohndn@exblog.jp,Male,139.235.95.13
493,Waylen,Carnegy,wcarnegydo@drupal.org,Male,245.168.128.79
494,Giffer,Wilsdon,gwilsdondp@bravesites.com,Male,205.148.161.164
495,Sheila-kathryn,Cream,screamdq@census.gov,Female,158.223.214.203
496,Gwen,Blaszczyk,gblaszczykdr@t-online.de,Non-binary,10.77.197.240
497,Gypsy,Ivashnyov,givashnyovds@chronoengine.com,Genderfluid,166.113.16.157
498,Deck,Hasel,dhaseldt@yellowbook.com,Male,66.90.138.103
499,Nathalia,Fowles,nfowlesdu@netlog.com,Female,227.180.136.120
500,Bendite,Ray,braydv@netscape.com,Female,238.122.122.116
501,Rebecca,Stroyan,rstroyandw@cocolog-nifty.com,Female,223.53.191.96
502,Kathie,Aspinal,kaspinaldx@youku.com,Female,161.136.59.20
503,Charity,Brettle,cbrettledy@nature.com,Female,150.222.145.218
504,Hyacintha,Dominy,hdominydz@wordpress.org,Polygender,210.87.173.195
505,Stephi,Stanyland,sstanylande0@soup.io,Female,234.51.115.170
506,Mendel,Bygraves,mbygravese1@indiegogo.com,Male,219.93.139.39
507,Gabbie,Cacacie,gcacaciee2@jimdo.com,Male,84.245.224.6
508,Ardath,Breckenridge,abreckenridgee3@bandcamp.com,Female,68.21.123.78
509,Ardenia,oldey,aoldeye4@prweb.com,Female,180.69.148.175
510,Egor,Androsik,eandrosike5@youtu.be,Male,176.178.56.157
511,Shalne,Spohr,sspohre6@spiegel.de,Female,105.117.116.222
512,Deane,Tremoille,dtremoillee7@redcross.org,Genderfluid,234.121.118.56
513,Emlyn,Bernollet,ebernollete8@gmpg.org,Male,218.151.234.106
514,Norby,Dignon,ndignone9@berkeley.edu,Male,63.224.148.68
515,Herta,O'Gorman,hogormanea@mediafire.com,Agender,126.204.29.249
516,Faith,Quaintance,fquaintanceeb@chron.com,Female,119.143.56.142
517,Sauncho,Skuce,sskuceec@ask.com,Male,150.202.61.175
518,Brennan,Mulran,bmulraned@google.pl,Male,94.245.53.116
519,Aundrea,Backshaw,abackshawee@sbwire.com,Female,128.26.117.107
520,Cory,Troucher,ctroucheref@topsy.com,Male,136.65.22.64
521,Vinson,Beavors,vbeavorseg@twitpic.com,Male,28.35.163.245
522,Wyatan,Le Sieur,wlesieureh@shop-pro.jp,Male,208.209.7.161
523,Sancho,Domenicone,sdomeniconeei@t.co,Male,231.38.54.80
524,Ophelie,Bannerman,obannermanej@va.gov,Female,156.111.9.241
525,Clayton,Jobern,cjobernek@apache.org,Male,159.230.227.4
526,Star,Josilevich,sjosilevichel@mayoclinic.com,Female,82.63.189.28
527,Cortney,Guest,cguestem@constantcontact.com,Female,153.149.10.89
528,Georgy,Picknett,gpicknetten@dedecms.com,Male,36.233.102.184
529,Ev,Meharry,emeharryeo@fc2.com,Male,173.42.140.181
530,Adriane,Medling,amedlingep@slideshare.net,Female,76.174.59.107
531,Modestia,Starmer,mstarmereq@cornell.edu,Female,136.250.91.19
532,Pearl,Kerridge,pkerridgeer@deviantart.com,Genderfluid,249.77.180.11
533,Goddart,De Mico,gdemicoes@biblegateway.com,Male,237.233.150.195
534,Ulick,Wheelwright,uwheelwrightet@skyrock.com,Genderqueer,136.151.109.144
535,Benni,Constance,bconstanceeu@yelp.com,Polygender,101.174.68.167
536,Norbert,Mc Gorley,nmcgorleyev@ycombinator.com,Male,26.176.242.13
537,Rosa,Layman,rlaymanew@nyu.edu,Female,188.9.145.120
538,Ariadne,Boas,aboasex@mtv.com,Female,164.4.76.81
539,Marcelle,Fanning,mfanningey@about.me,Polygender,19.20.17.105
540,Loretta,Pach,lpachez@nba.com,Non-binary,202.190.97.203
541,Lark,Murley,lmurleyf0@t-online.de,Female,193.149.34.15
542,Jim,Yeude,jyeudef1@hatena.ne.jp,Male,219.113.63.95
543,Cully,Laurie,claurief2@so-net.ne.jp,Male,195.146.199.71
544,Perri,Arch,parchf3@jimdo.com,Female,159.19.76.184
545,Dmitri,Capsey,dcapseyf4@hostgator.com,Bigender,115.6.188.95
546,Merwyn,Simenet,msimenetf5@chicagotribune.com,Male,128.125.6.221
547,Britta,Hales,bhalesf6@pcworld.com,Female,16.16.38.81
548,Maressa,Fateley,mfateleyf7@amazonaws.com,Female,78.121.32.226
549,Magnum,Scoffins,mscoffinsf8@furl.net,Male,182.164.19.225
550,Miguela,Spinnace,mspinnacef9@fc2.com,Female,37.46.29.235
551,Jodie,Lammin,jlamminfa@washingtonpost.com,Male,219.211.217.208
552,Aharon,Volk,avolkfb@wiley.com,Male,15.123.45.39
553,Marni,Ord,mordfc@uiuc.edu,Female,168.16.146.80
554,Hobard,Rosedale,hrosedalefd@uiuc.edu,Male,22.50.75.178
555,Melisandra,Henstridge,mhenstridgefe@bloomberg.com,Female,243.11.21.196
556,Aldrich,Vanner,avannerff@blogger.com,Male,236.239.137.82
557,Monte,Davenhall,mdavenhallfg@ucoz.com,Male,61.42.30.252
558,Heywood,Morlon,hmorlonfh@google.com.br,Male,143.37.225.33
559,Ashien,Boyde,aboydefi@dot.gov,Female,159.12.210.204
560,Moshe,Tather,mtatherfj@xing.com,Male,180.96.231.147
561,Darelle,Joynt,djoyntfk@stanford.edu,Female,93.211.5.81
562,Maximilien,Trace,mtracefl@over-blog.com,Male,146.141.213.149
563,Shelby,Pymm,spymmfm@spotify.com,Female,206.154.186.240
564,Christoph,Baskeyfield,cbaskeyfieldfn@engadget.com,Male,247.119.209.139
565,Neddy,Lamberto,nlambertofo@bizjournals.com,Male,193.250.210.216
566,Mikel,Agus,magusfp@topsy.com,Male,112.156.15.150
567,Kiah,Chalcraft,kchalcraftfq@cisco.com,Female,43.42.23.244
568,Brook,Gouly,bgoulyfr@netlog.com,Female,210.240.25.223
569,Prentice,Moorhead,pmoorheadfs@webnode.com,Male,171.231.51.12
570,Mahala,Vanne,mvanneft@nifty.com,Female,249.98.75.224
571,Culver,Pennell,cpennellfu@vk.com,Male,8.149.1.26
572,Stacy,Billings,sbillingsfv@reverbnation.com,Male,167.201.72.92
573,Hettie,Mullin,hmullinfw@vistaprint.com,Female,236.159.167.96
574,Drew,Ruddiforth,druddiforthfx@joomla.org,Male,114.101.207.82
575,Gawain,Allderidge,gallderidgefy@epa.gov,Male,7.69.226.37
576,Eilis,Fawdrie,efawdriefz@nyu.edu,Female,94.38.247.131
577,Caressa,Cloy,ccloyg0@home.pl,Female,198.188.203.232
578,Natalie,Emery,nemeryg1@pcworld.com,Female,252.133.119.235
579,Ferdinand,Readman,freadmang2@nymag.com,Male,29.219.209.28
580,Therine,Pedlingham,tpedlinghamg3@digg.com,Female,119.21.251.153
581,Eloisa,Hasnip,ehasnipg4@oaic.gov.au,Female,131.68.209.245
582,Diann,Pimley,dpimleyg5@google.ca,Female,146.37.224.238
583,Hilde,Denzilow,hdenzilowg6@soup.io,Bigender,31.108.246.38
584,Constanta,Mcall,cmcallg7@opera.com,Female,241.67.210.151
585,Sascha,Eard,seardg8@cmu.edu,Female,150.190.220.133
586,Gunar,Fargher,gfargherg9@npr.org,Male,74.54.138.42
587,Janie,Biggs,jbiggsga@state.tx.us,Female,235.13.117.26
588,Rafi,Jarmain,rjarmaingb@kickstarter.com,Male,115.228.248.203
589,Osbert,Garioch,ogariochgc@toplist.cz,Male,53.24.52.108
590,Maureen,Studdal,mstuddalgd@istockphoto.com,Female,212.61.8.165
591,Lenna,Adds,laddsge@shop-pro.jp,Female,66.31.104.79
592,Cornela,Willcocks,cwillcocksgf@census.gov,Female,176.83.79.22
593,Rab,Methven,rmethvengg@mozilla.com,Male,91.197.123.8
594,Palmer,Gaucher,pgauchergh@geocities.com,Male,99.86.146.90
595,Abby,Crossgrove,acrossgrovegi@cargocollective.com,Genderfluid,116.67.230.81
596,Arielle,McMickan,amcmickangj@weebly.com,Female,29.10.181.70
597,Arluene,Goundsy,agoundsygk@bandcamp.com,Female,54.11.33.251
598,Alwyn,Josum,ajosumgl@pen.io,Bigender,108.34.12.175
599,Yvon,Bingle,ybinglegm@nydailynews.com,Male,129.3.233.182
600,Corliss,Kellart,ckellartgn@gov.uk,Female,15.243.15.221
601,Eustacia,Wyldes,ewyldesgo@indiatimes.com,Female,172.201.95.236
602,Minni,Sendley,msendleygp@rediff.com,Female,198.134.1.232
603,Leonanie,Saxby,lsaxbygq@stumbleupon.com,Agender,205.35.18.231
604,April,Swayton,aswaytongr@163.com,Female,8.155.17.102
605,Bren,Cawtheray,bcawtheraygs@foxnews.com,Female,109.118.207.79
606,Phaidra,Di Biagi,pdibiagigt@nba.com,Female,69.204.203.245
607,Granthem,Van,gvangu@comsenz.com,Male,68.227.74.202
608,Hugo,McTrustram,hmctrustramgv@sbwire.com,Male,9.127.195.59
609,Ike,Wishkar,iwishkargw@soup.io,Male,180.121.156.56
610,Thane,Brimman,tbrimmangx@deliciousdays.com,Agender,37.37.20.113
611,Blane,Stanley,bstanleygy@toplist.cz,Male,34.244.41.18
612,Anissa,Crilly,acrillygz@who.int,Female,218.23.8.61
613,Josefa,Cavilla,jcavillah0@fastcompany.com,Female,104.15.119.188
614,Laurence,Eathorne,leathorneh1@auda.org.au,Male,167.69.207.151
615,Jefferey,Sciusscietto,jsciussciettoh2@cdc.gov,Male,208.226.99.249
616,Chadwick,Kinglake,ckinglakeh3@wordpress.com,Male,56.156.5.5
617,Milo,Yoskowitz,myoskowitzh4@yelp.com,Male,162.124.49.171
618,Wyndham,Fairburn,wfairburnh5@mayoclinic.com,Male,202.14.215.193
619,Gabrila,McGillicuddy,gmcgillicuddyh6@webnode.com,Female,81.104.241.31
620,Ronald,Thorsen,rthorsenh7@hp.com,Male,136.59.40.28
621,Marnia,Monshall,mmonshallh8@google.com.au,Female,129.79.33.160
622,Charyl,Poolton,cpooltonh9@devhub.com,Female,214.255.186.95
623,Olia,Hymers,ohymersha@narod.ru,Female,81.190.79.212
624,Cinda,Curdell,ccurdellhb@gravatar.com,Female,212.99.219.106
625,Arney,Wynne,awynnehc@indiegogo.com,Male,173.88.140.57
626,Daryl,Debling,ddeblinghd@nature.com,Male,223.135.225.48
627,Emeline,Pinhorn,epinhornhe@quantcast.com,Female,200.165.10.141
628,Emylee,Bysaker,ebysakerhf@biblegateway.com,Female,106.181.191.86
629,Matteo,Boyer,mboyerhg@wikimedia.org,Male,231.205.116.100
630,Skell,Krale,skralehh@examiner.com,Male,98.135.165.197
631,Reagan,Beidebeke,rbeidebekehi@posterous.com,Male,94.244.31.220
632,Marsiella,Gossage,mgossagehj@fastcompany.com,Female,72.54.212.183
633,Kent,Iacomini,kiacominihk@delicious.com,Male,246.211.87.109
634,Gaylord,Borghese,gborghesehl@ox.ac.uk,Male,117.128.145.56
635,Fran,Abrahm,fabrahmhm@etsy.com,Female,212.70.188.231
636,Judye,Hafford,jhaffordhn@parallels.com,Female,99.254.92.229
637,Bartram,Spellar,bspellarho@state.gov,Male,246.110.186.250
638,Sean,Boliver,sboliverhp@google.es,Male,36.202.154.83
639,Fenelia,Worts,fwortshq@over-blog.com,Female,230.117.58.240
640,Bernita,Cabble,bcabblehr@godaddy.com,Female,216.247.69.237
641,Kaja,McCory,kmccoryhs@ameblo.jp,Female,166.118.230.109
642,Sorcha,Wakelam,swakelamht@geocities.com,Female,134.51.225.87
643,Morse,Screwton,mscrewtonhu@spotify.com,Male,18.15.141.190
644,Shirlee,Laugheran,slaugheranhv@examiner.com,Female,132.209.43.26
645,Shane,Bussy,sbussyhw@go.com,Polygender,23.16.228.33
646,Dominik,Grief,dgriefhx@utexas.edu,Male,212.117.132.238
647,Arlan,Lorrie,alorriehy@oracle.com,Male,28.237.185.81
648,Gunner,Beincken,gbeinckenhz@pcworld.com,Male,183.90.250.167
649,Flory,Carus,fcarusi0@linkedin.com,Male,248.253.139.43
650,Marjorie,Gateland,mgatelandi1@senate.gov,Female,47.44.255.210
651,Arel,Downie,adowniei2@foxnews.com,Male,55.10.140.141
652,Rawley,Le Galle,rlegallei3@narod.ru,Male,69.202.220.108
653,Alaine,Connew,aconnewi4@nba.com,Bigender,16.194.191.255
654,Jonathon,Oxnam,joxnami5@imdb.com,Male,218.59.182.35
655,Heidi,Dibson,hdibsoni6@github.io,Female,253.113.86.169
656,Silva,Pamplin,spamplini7@bluehost.com,Bigender,46.168.224.199
657,Aluin,Middleweek,amiddleweeki8@360.cn,Male,178.84.89.3
658,Loria,Muggach,lmuggachi9@addthis.com,Female,32.160.9.232
659,Estevan,Halbeard,ehalbeardia@acquirethisname.com,Male,226.231.10.142
660,Del,Flatman,dflatmanib@dell.com,Male,224.200.235.229
661,Bebe,Berrick,bberrickic@oracle.com,Female,39.132.145.191
662,Whitman,Shone,wshoneid@globo.com,Male,253.129.67.216
663,Giff,Isakovic,gisakovicie@mac.com,Male,251.142.34.208
664,Thornton,Issacoff,tissacoffif@ted.com,Male,167.221.70.113
665,Aron,Tredwell,atredwellig@msu.edu,Male,84.41.7.12
666,Coop,Leddy,cleddyih@hc360.com,Male,248.64.1.185
667,Gretchen,Ratcliff,gratcliffii@forbes.com,Female,129.38.36.29
668,Gerik,Kybbye,gkybbyeij@wunderground.com,Male,218.141.179.244
669,Sarge,Gundry,sgundryik@skyrock.com,Male,144.223.245.224
670,Layla,Groucock,lgroucockil@europa.eu,Female,18.182.74.1
671,Noelle,Ebbett,nebbettim@cargocollective.com,Female,40.217.31.153
672,Shane,Leggin,slegginin@ow.ly,Male,239.111.157.232
673,Alistair,Joutapaitis,ajoutapaitisio@gizmodo.com,Male,206.102.164.78
674,Neysa,Delamere,ndelamereip@walmart.com,Agender,33.168.124.208
675,Ruthe,Hurburt,rhurburtiq@bloglovin.com,Female,143.253.215.185
676,Yasmin,Boyson,yboysonir@163.com,Female,255.140.21.124
677,Minnie,Winterson,mwintersonis@dropbox.com,Female,210.113.237.55
678,Zacharia,Poleye,zpoleyeit@ca.gov,Genderqueer,170.201.211.198
679,Rois,MacLaughlin,rmaclaughliniu@reddit.com,Female,252.122.51.186
680,Tab,Bareford,tbarefordiv@house.gov,Male,113.17.4.139
681,Bevin,Wardingley,bwardingleyiw@surveymonkey.com,Male,114.13.160.9
682,Sheelah,Hamshar,shamsharix@angelfire.com,Female,191.126.7.89
683,Druci,Load,dloadiy@cmu.edu,Female,47.122.190.60
684,Bella,Monkhouse,bmonkhouseiz@bluehost.com,Female,136.105.202.37
685,Jesse,Wass,jwassj0@amazon.co.jp,Male,166.167.23.99
686,Ladonna,Canizares,lcanizaresj1@google.fr,Female,42.111.105.70
687,Luther,Callan,lcallanj2@liveinternet.ru,Male,174.117.244.172
688,Garth,Flukes,gflukesj3@joomla.org,Male,139.148.6.176
689,Augy,Tures,aturesj4@bloglovin.com,Male,92.2.108.251
690,Bevin,Cotherill,bcotherillj5@samsung.com,Male,37.7.96.203
691,Joline,Bearcock,jbearcockj6@indiatimes.com,Female,157.11.126.242
692,Tommi,Grabban,tgrabbanj7@trellian.com,Female,77.23.77.166
693,Nita,Copcote,ncopcotej8@craigslist.org,Female,119.224.4.248
694,Wakefield,Geraldo,wgeraldoj9@xrea.com,Male,159.104.206.202
695,Darrin,Hellard,dhellardja@liveinternet.ru,Male,66.13.159.26
696,Washington,Leyburn,wleyburnjb@prlog.org,Male,93.147.101.44
697,Corbet,Fancett,cfancettjc@t.co,Male,180.210.123.69
698,Velvet,Anespie,vanespiejd@forbes.com,Female,168.37.68.96
699,Robbie,Northedge,rnorthedgeje@free.fr,Female,90.21.234.126
700,Catarina,Goseling,cgoselingjf@washington.edu,Female,213.96.86.80
701,Korie,Buttress,kbuttressjg@squidoo.com,Female,72.247.9.41
702,Laurens,Hebron,lhebronjh@barnesandnoble.com,Male,13.130.78.31
703,Kacy,Messenbird,kmessenbirdji@sfgate.com,Female,214.93.200.200
704,Ransom,Frederick,rfrederickjj@jigsy.com,Male,109.248.62.145
705,Barnett,Liccardi,bliccardijk@craigslist.org,Male,5.35.43.103
706,Georgine,Stickley,gstickleyjl@t-online.de,Female,171.88.67.195
707,Avril,Croker,acrokerjm@usda.gov,Female,160.18.149.179
708,Trey,Klass,tklassjn@adobe.com,Polygender,6.214.30.234
709,Shelley,Camois,scamoisjo@shinystat.com,Female,163.62.200.42
710,Levin,Domnick,ldomnickjp@about.me,Polygender,82.125.253.146
711,Tobiah,Mitro,tmitrojq@free.fr,Male,24.75.112.78
712,Melany,Legan,mleganjr@cyberchimps.com,Female,194.6.0.56
713,Angelia,Coldwell,acoldwelljs@dmoz.org,Female,159.69.58.206
714,Adele,Cherryman,acherrymanjt@symantec.com,Female,209.34.8.204
715,Orin,Sperski,osperskiju@utexas.edu,Genderqueer,201.233.222.237
716,Dorice,O'Connel,doconneljv@odnoklassniki.ru,Female,221.99.190.179
717,Erasmus,Yansons,eyansonsjw@icio.us,Male,184.134.115.214
718,Doria,MacTrustam,dmactrustamjx@youku.com,Female,253.22.1.64
719,Christian,Gowrie,cgowriejy@jimdo.com,Male,33.219.161.246
720,Alina,Marshfield,amarshfieldjz@a8.net,Female,247.255.24.211
721,Leta,Coaten,lcoatenk0@discovery.com,Female,49.74.228.83
722,Jo-ann,Toffler,jtofflerk1@tmall.com,Female,50.19.102.233
723,Nevins,Bezant,nbezantk2@de.vu,Bigender,216.239.8.69
724,Raynell,Birkenhead,rbirkenheadk3@ycombinator.com,Female,18.25.62.92
725,Pearce,Thyer,pthyerk4@ucoz.com,Male,59.240.139.128
726,Jule,Passie,jpassiek5@ning.com,Male,225.52.47.201
727,Madge,Cleland,mclelandk6@japanpost.jp,Female,32.101.154.91
728,Iormina,Sweett,isweettk7@cornell.edu,Female,9.216.10.42
729,Red,Adamovitz,radamovitzk8@jimdo.com,Male,51.140.217.170
730,Frederic,Giacovelli,fgiacovellik9@admin.ch,Male,103.205.189.147
731,Rafa,Skittle,rskittleka@instagram.com,Female,209.236.23.156
732,Rozamond,Matskiv,rmatskivkb@reddit.com,Female,192.205.59.189
733,Blisse,Ouver,bouverkc@canalblog.com,Female,107.21.135.20
734,Harbert,Benne,hbennekd@xrea.com,Male,231.31.62.0
735,Stanford,Choules,schouleske@pcworld.com,Male,179.162.212.238
736,Sollie,Turnock,sturnockkf@yellowbook.com,Male,178.228.117.201
737,Dagny,Litzmann,dlitzmannkg@virginia.edu,Male,197.199.50.19
738,Frannie,Byfford,fbyffordkh@hc360.com,Male,2.184.29.190
739,Aurore,Willoughey,awillougheyki@usda.gov,Female,145.192.62.141
740,Gabie,Doud,gdoudkj@github.com,Male,36.68.230.6
741,Moe,Dalinder,mdalinderkk@barnesandnoble.com,Non-binary,105.13.232.19
742,Cece,Morgans,cmorganskl@theguardian.com,Male,182.14.124.131
743,Kippy,Liger,kligerkm@newsvine.com,Genderfluid,177.144.159.155
744,Libbie,Trebble,ltrebblekn@reverbnation.com,Bigender,198.169.117.103
745,Almeta,Tutsell,atutsellko@bigcartel.com,Female,226.13.230.153
746,Abagail,Bristo,abristokp@japanpost.jp,Female,142.4.140.68
747,Krishna,Mossbee,kmossbeekq@e-recht24.de,Male,146.102.214.64
748,Alexio,Cottem,acottemkr@example.com,Male,1.48.215.175
749,Brucie,Ruttgers,bruttgersks@exblog.jp,Male,77.167.22.44
750,Star,M'Barron,smbarronkt@ifeng.com,Female,76.113.194.191
751,Kennith,Heinish,kheinishku@answers.com,Bigender,162.26.0.143
752,Tamiko,Catlin,tcatlinkv@example.com,Female,57.95.111.243
753,Daune,Dunbleton,ddunbletonkw@alibaba.com,Female,64.31.202.83
754,Shurwood,Ord,sordkx@si.edu,Male,37.208.118.228
755,Helli,Shirley,hshirleyky@linkedin.com,Female,124.77.227.77
756,Marcela,Maffini,mmaffinikz@indiegogo.com,Female,170.203.23.219
757,Luisa,Collidge,lcollidgel0@wp.com,Female,42.119.68.42
758,Ailee,Folks,afolksl1@yellowbook.com,Female,180.23.99.246
759,Matty,Mushet,mmushetl2@hostgator.com,Female,248.188.193.3
760,Hinze,Tebbitt,htebbittl3@4shared.com,Male,77.220.130.56
761,Artie,Claremont,aclaremontl4@typepad.com,Male,32.67.186.14
762,Gwen,Chessill,gchessilll5@hugedomains.com,Female,67.161.172.202
763,Mikkel,Behan,mbehanl6@apple.com,Male,19.121.84.125
764,Marie,Cancellario,mcancellariol7@i2i.jp,Female,137.120.29.131
765,Stormi,Haining,shainingl8@msn.com,Female,56.117.78.177
766,Ray,MacNally,rmacnallyl9@hud.gov,Male,2.0.39.102
767,Tasia,Trimmell,ttrimmellla@netvibes.com,Female,9.129.73.82
768,Rosa,Bellenie,rbellenielb@homestead.com,Female,50.124.29.25
769,Renado,Scotting,rscottinglc@dyndns.org,Male,134.98.189.179
770,Mair,Froud,mfroudld@toplist.cz,Female,250.165.109.218
771,Rodge,Sidnell,rsidnellle@yolasite.com,Male,169.39.178.52
772,Boothe,McVanamy,bmcvanamylf@guardian.co.uk,Non-binary,102.172.206.176
773,Elinore,Damiata,edamiatalg@purevolume.com,Female,18.244.131.44
774,Shandy,Hawkeridge,shawkeridgelh@fda.gov,Female,42.5.189.250
775,Queenie,Townby,qtownbyli@illinois.edu,Female,68.71.17.41
776,Karlik,Provost,kprovostlj@squarespace.com,Genderfluid,244.146.242.227
777,Clark,Peacham,cpeachamlk@discuz.net,Male,121.171.62.130
778,Dugald,Surcombe,dsurcombell@google.com,Male,129.67.161.82
779,Rudyard,MacGaughy,rmacgaughylm@discovery.com,Male,50.69.78.156
780,Gabbey,Ismay,gismayln@chronoengine.com,Agender,210.227.134.67
781,Corbett,Gambell,cgambelllo@sina.com.cn,Male,102.85.252.239
782,Ethelred,Bohey,eboheylp@youtube.com,Male,161.115.156.31
783,Lesli,Yarranton,lyarrantonlq@posterous.com,Female,154.6.145.57
784,Sephira,De La Salle,sdelasallelr@macromedia.com,Female,142.87.58.74
785,Katrinka,Frondt,kfrondtls@buzzfeed.com,Female,27.32.113.144
786,Rosa,Wollrauch,rwollrauchlt@ustream.tv,Female,146.204.182.183
787,Kirbee,Breeze,kbreezelu@netscape.com,Female,149.27.140.213
788,Clemmie,Loftie,cloftielv@patch.com,Female,66.72.219.149
789,Audry,Ogdahl,aogdahllw@mtv.com,Female,190.73.141.160
790,Crosby,Isson,cissonlx@rediff.com,Male,38.96.228.92
791,Branden,Barras,bbarrasly@microsoft.com,Male,95.215.247.122
792,Ellette,Hatchette,ehatchettelz@google.com.hk,Female,240.12.133.231
793,Rosaline,Libermore,rlibermorem0@phpbb.com,Female,106.214.30.0
794,Rana,Dowding,rdowdingm1@mozilla.org,Female,45.219.144.14
795,Roslyn,Hrynczyk,rhrynczykm2@newyorker.com,Female,133.107.187.244
796,Valina,Ord,vordm3@psu.edu,Female,211.4.212.60
797,Cacilie,Foulcher,cfoulcherm4@xrea.com,Female,220.199.59.2
798,Leontine,Cayette,lcayettem5@constantcontact.com,Female,242.107.255.134
799,Edithe,Schwanden,eschwandenm6@wisc.edu,Female,174.38.235.68
800,Skelly,Van der Kruijs,svanderkruijsm7@phpbb.com,Male,115.22.233.181
801,Helen-elizabeth,Blackham,hblackhamm8@toplist.cz,Genderfluid,59.132.47.241
802,Brandice,Brounfield,bbrounfieldm9@ibm.com,Female,106.8.39.166
803,Bat,Fidgin,bfidginma@google.pl,Male,208.180.149.64
804,Marybelle,Minogue,mminoguemb@gmpg.org,Female,151.52.112.243
805,Rodney,Oggers,roggersmc@arstechnica.com,Male,146.112.36.11
806,Selma,Kiddle,skiddlemd@ibm.com,Female,4.136.205.166
807,Anallese,Burgher,aburgherme@ocn.ne.jp,Female,249.45.191.138
808,Alexio,Case,acasemf@java.com,Male,249.255.149.217
809,Bethina,Grahamslaw,bgrahamslawmg@pinterest.com,Female,229.59.50.89
810,Selie,Llopis,sllopismh@constantcontact.com,Female,43.207.205.199
811,Amaleta,Truin,atruinmi@deliciousdays.com,Female,115.115.118.163
812,Arlen,Josselson,ajosselsonmj@cbslocal.com,Male,188.156.156.42
813,Elwood,Glaze,eglazemk@trellian.com,Male,74.155.247.112
814,Whitney,Blum,wblumml@slideshare.net,Male,196.251.23.174
815,Gussi,Tomaskov,gtomaskovmm@e-recht24.de,Female,102.69.161.91
816,Lotte,Bwy,lbwymn@fastcompany.com,Female,106.73.88.165
817,Ellissa,Yerbury,eyerburymo@blinklist.com,Female,183.12.238.83
818,Hallsy,Blazek,hblazekmp@facebook.com,Agender,230.89.138.173
819,Debra,Nayer,dnayermq@sogou.com,Genderqueer,152.25.127.8
820,Toiboid,Lomb,tlombmr@google.co.uk,Male,216.230.70.78
821,Marchelle,Defew,mdefewms@infoseek.co.jp,Female,3.246.32.51
822,Jaimie,Strass,jstrassmt@theguardian.com,Agender,135.208.159.192
823,Carline,Harmson,charmsonmu@google.pl,Female,215.44.148.198
824,Cyndi,Liggons,cliggonsmv@exblog.jp,Female,246.174.3.186
825,Edna,Kegley,ekegleymw@biblegateway.com,Female,127.55.94.178
826,Harley,Tewes,htewesmx@ehow.com,Male,123.62.249.53
827,Alma,Tuffield,atuffieldmy@soundcloud.com,Female,173.150.182.158
828,Dorotea,Richings,drichingsmz@jalbum.net,Female,111.33.190.175
829,Fara,Dewi,fdewin0@gizmodo.com,Female,102.31.111.167
830,Frances,Fosten,ffostenn1@shareasale.com,Female,11.251.230.191
831,Niki,Mandrey,nmandreyn2@simplemachines.org,Female,173.146.131.58
832,Nicol,Philippe,nphilippen3@msu.edu,Female,52.201.232.229
833,Gwendolen,McClinton,gmcclintonn4@irs.gov,Female,80.212.125.243
834,Gavin,Cluett,gcluettn5@ted.com,Male,68.154.137.16
835,Carolyn,Sandy,csandyn6@51.la,Female,191.101.239.43
836,Letitia,Roxburch,lroxburchn7@wunderground.com,Female,130.158.236.105
837,Pete,Snewin,psnewinn8@si.edu,Male,151.176.151.223
838,Josefina,Shiell,jshielln9@facebook.com,Female,166.173.227.209
839,Yuri,Dot,ydotna@bbb.org,Male,250.245.24.139
840,Howey,Celier,hceliernb@smugmug.com,Male,185.150.181.150
841,Sam,Betho,sbethonc@archive.org,Female,21.212.181.165
842,Selig,Pavinese,spavinesend@pinterest.com,Male,109.137.82.244
843,Bobbie,Stuttard,bstuttardne@imdb.com,Male,218.157.225.6
844,Alvy,Rowan,arowannf@cocolog-nifty.com,Genderfluid,46.22.47.17
845,Barbra,Bondley,bbondleyng@hubpages.com,Female,7.183.83.129
846,Hasty,O'Growgane,hogrowganenh@reddit.com,Male,43.231.211.145
847,Conroy,Jarrold,cjarroldni@cnn.com,Male,107.195.49.251
848,Alexandrina,McCrudden,amccruddennj@google.com,Female,180.88.144.132
849,Bride,Jerg,bjergnk@google.cn,Female,8.116.198.95
850,Tiffany,De Bruin,tdebruinnl@com.com,Female,237.196.47.162
851,Minni,Lorrie,mlorrienm@toplist.cz,Female,211.147.127.238
852,Carmella,Thacke,cthackenn@amazon.co.uk,Female,6.81.101.138
853,Jeffrey,O'Garmen,jogarmenno@google.ru,Male,217.186.150.8
854,Adrian,Samper,asampernp@issuu.com,Female,45.55.40.11
855,Jonis,Carabet,jcarabetnq@csmonitor.com,Female,159.41.141.201
856,Dalenna,Cheley,dcheleynr@51.la,Female,174.232.220.228
857,Hobie,Ferebee,hferebeens@smugmug.com,Male,231.85.185.120
858,Edith,Nelthropp,enelthroppnt@google.cn,Female,22.229.199.128
859,Gregoor,Silby,gsilbynu@cdc.gov,Male,143.33.223.240
860,Winnie,Andrewartha,wandrewarthanv@berkeley.edu,Male,109.9.23.7
861,Pebrook,Guerrazzi,pguerrazzinw@squarespace.com,Male,217.107.226.217
862,Conrad,Preene,cpreenenx@dailymail.co.uk,Male,216.216.60.187
863,Farris,Boyda,fboydany@free.fr,Male,192.131.220.120
864,Kahlil,Hartland,khartlandnz@nature.com,Male,130.179.145.139
865,Sheridan,Benjafield,sbenjafieldo0@comcast.net,Male,58.93.91.186
866,Chaim,Huikerby,chuikerbyo1@hp.com,Male,254.12.65.124
867,Kalinda,Petkovic,kpetkovico2@disqus.com,Agender,151.139.119.81
868,Flory,Gillett,fgilletto3@army.mil,Male,89.160.5.45
869,Corny,Fumagalli,cfumagallio4@mediafire.com,Genderfluid,46.242.2.238
870,Stevy,Challace,schallaceo5@businesswire.com,Male,218.101.254.204
871,Jard,Lalevee,jlaleveeo6@posterous.com,Bigender,145.224.210.43
872,Cameron,Edwins,cedwinso7@paypal.com,Male,6.113.135.114
873,Britte,Pollington,bpollingtono8@devhub.com,Female,203.241.224.197
874,Oneida,Handke,ohandkeo9@linkedin.com,Female,67.151.98.243
875,Uriah,Powley,upowleyoa@e-recht24.de,Male,91.190.100.128
876,Adolphus,Dax,adaxob@senate.gov,Male,60.148.84.41
877,Feodor,Porch,fporchoc@oaic.gov.au,Male,10.222.40.172
878,Darleen,Arran,darranod@tinyurl.com,Female,55.88.113.101
879,Laney,Veld,lveldoe@jimdo.com,Female,143.136.231.33
880,Baryram,Culleton,bculletonof@mlb.com,Male,238.94.245.96
881,Leandra,Goodwin,lgoodwinog@drupal.org,Non-binary,110.99.174.29
882,Ulrica,Scuffham,uscuffhamoh@live.com,Female,10.193.160.244
883,Wilone,Stennes,wstennesoi@php.net,Female,237.253.119.35
884,Meyer,Spybey,mspybeyoj@goodreads.com,Male,229.31.209.41
885,Ardra,Gillmor,agillmorok@eepurl.com,Female,226.91.87.156
886,Barbaraanne,Thame,bthameol@simplemachines.org,Female,5.45.38.253
887,Drucy,Pears,dpearsom@xrea.com,Female,197.99.120.75
888,Nealon,Snarr,nsnarron@live.com,Male,214.151.207.103
889,Caldwell,Redgewell,credgewelloo@qq.com,Agender,25.10.109.153
890,Chariot,Ivchenko,civchenkoop@usatoday.com,Male,140.134.248.162
891,Ashil,Chartman,achartmanoq@over-blog.com,Female,205.187.239.52
892,Nathalia,Christopher,nchristopheror@netscape.com,Female,68.21.185.95
893,Vassily,Abrahamsohn,vabrahamsohnos@wikipedia.org,Male,243.235.111.116
894,Addie,Guswell,aguswellot@github.com,Female,66.107.0.230
895,Emory,Whitta,ewhittaou@ustream.tv,Male,44.127.15.185
896,Cate,Pratte,cpratteov@yandex.ru,Female,128.11.119.149
897,Hortensia,Hengoed,hhengoedow@oakley.com,Female,157.109.248.141
898,Berni,Beetles,bbeetlesox@google.co.uk,Female,133.174.96.73
899,Gina,Oglethorpe,goglethorpeoy@java.com,Female,12.158.253.132
900,Adriaens,Jory,ajoryoz@mediafire.com,Female,158.211.70.170
901,Bernarr,Fackney,bfackneyp0@macromedia.com,Non-binary,144.13.119.189
902,Zonnya,Corryer,zcorryerp1@typepad.com,Female,162.158.121.228
903,Rik,Cisland,rcislandp2@blinklist.com,Bigender,62.38.188.193
904,Bibby,Schimaschke,bschimaschkep3@artisteer.com,Female,160.90.130.24
905,Titos,Gwatkin,tgwatkinp4@webs.com,Male,1.58.213.175
906,Elisha,Cronk,ecronkp5@jugem.jp,Non-binary,183.251.177.8
907,Larine,Jedrychowski,ljedrychowskip6@addthis.com,Female,101.177.177.24
908,Jeff,Wedon,jwedonp7@cbc.ca,Male,144.107.2.157
909,Elias,Bergstram,ebergstramp8@nationalgeographic.com,Male,125.241.215.43
910,Deborah,Mullord,dmullordp9@acquirethisname.com,Female,110.152.79.138
911,Yance,Ridde,yriddepa@wikia.com,Male,27.33.212.247
912,Elston,Sayle,esaylepb@alibaba.com,Male,203.7.83.192
913,Nicolle,Currin,ncurrinpc@blogspot.com,Female,100.213.154.71
914,Rudolfo,Cloute,rcloutepd@about.com,Male,53.106.85.88
915,Sande,Hewson,shewsonpe@google.fr,Female,71.146.246.188
916,Riva,Fossett,rfossettpf@ezinearticles.com,Female,8.234.249.214
917,Man,Elliston,mellistonpg@icq.com,Male,172.76.194.230
918,Susannah,Scuse,sscuseph@icq.com,Female,167.130.243.13
919,Sheila-kathryn,Tethacot,stethacotpi@vk.com,Female,75.162.124.248
920,Hartwell,Tirrey,htirreypj@liveinternet.ru,Male,223.201.112.238
921,Wendy,Gaffey,wgaffeypk@hibu.com,Female,229.236.228.2
922,Tessy,Juleff,tjuleffpl@com.com,Female,250.15.143.67
923,Falkner,Gentric,fgentricpm@amazon.de,Male,37.26.120.124
924,Hendrick,Scholfield,hscholfieldpn@vinaora.com,Male,55.30.22.157
925,Veronika,Cuttings,vcuttingspo@privacy.gov.au,Female,144.68.7.208
926,Kimbra,Butler,kbutlerpp@digg.com,Female,74.222.79.247
927,Linnet,McNeely,lmcneelypq@last.fm,Female,231.16.17.166
928,Lonni,Ure,lurepr@ucla.edu,Female,184.155.99.220
929,Sheilakathryn,Josovich,sjosovichps@miitbeian.gov.cn,Female,177.163.113.225
930,Bjorn,Mc Carroll,bmccarrollpt@lycos.com,Male,187.83.242.127
931,Krysta,Hanlin,khanlinpu@wordpress.com,Female,240.0.178.50
932,Carree,Sollom,csollompv@bluehost.com,Female,111.155.151.65
933,Johnath,Fawson,jfawsonpw@goo.gl,Polygender,204.49.197.38
934,Pete,De Courtney,pdecourtneypx@bbb.org,Male,122.187.145.222
935,Mellicent,Waight,mwaightpy@loc.gov,Genderqueer,204.47.63.52
936,Jarrett,Chorlton,jchorltonpz@surveymonkey.com,Male,223.22.34.66
937,Wes,Gittose,wgittoseq0@china.com.cn,Male,56.120.53.143
938,Bernie,Skeats,bskeatsq1@gizmodo.com,Male,189.175.30.217
939,Hyacinthe,Petel,hpetelq2@themeforest.net,Female,249.89.52.5
940,Alisander,Snalom,asnalomq3@smugmug.com,Male,61.145.191.235
941,Matthieu,Gorden,mgordenq4@cornell.edu,Male,36.106.92.172
942,Siouxie,Oxbrow,soxbrowq5@uiuc.edu,Female,255.126.25.219
943,Elia,Dodd,edoddq6@delicious.com,Male,48.73.52.14
944,Melitta,Bramwich,mbramwichq7@sphinn.com,Polygender,70.180.184.60
945,Vasily,Goodson,vgoodsonq8@wikimedia.org,Male,16.158.20.255
946,Letti,Gibby,lgibbyq9@guardian.co.uk,Female,86.6.25.169
947,Aharon,Burtonshaw,aburtonshawqa@dyndns.org,Male,137.156.23.106
948,Tandi,Eloy,teloyqb@jalbum.net,Female,72.252.4.82
949,Ray,Rivett,rrivettqc@list-manage.com,Male,147.81.138.80
950,Jaquelin,MacAlpine,jmacalpineqd@twitter.com,Female,66.68.119.188
951,Ingrid,Brick,ibrickqe@intel.com,Female,41.196.242.47
952,Clarinda,Olexa,colexaqf@utexas.edu,Female,9.120.33.220
953,Woody,Joannidi,wjoannidiqg@yellowpages.com,Male,235.161.39.62
954,Mack,Thurlbourne,mthurlbourneqh@163.com,Male,35.166.15.0
955,Nata,Skelhorne,nskelhorneqi@canalblog.com,Female,196.74.196.192
956,Verney,Berlin,vberlinqj@ycombinator.com,Male,95.195.74.191
957,Mic,Feria,mferiaqk@army.mil,Polygender,76.68.55.235
958,Rhonda,Tincombe,rtincombeql@cisco.com,Female,14.6.60.57
959,Mireille,Grestie,mgrestieqm@java.com,Female,128.208.126.131
960,Lyndy,Poytress,lpoytressqn@examiner.com,Agender,79.147.159.58
961,Stormie,McNeice,smcneiceqo@biblegateway.com,Female,9.219.67.23
962,Jordan,Farnell,jfarnellqp@gmpg.org,Male,1.131.18.131
963,Ragnar,Fairhead,rfairheadqq@time.com,Male,41.181.244.226
964,Anatollo,Hymers,ahymersqr@indiegogo.com,Male,11.98.214.179
965,Neall,Fryer,nfryerqs@purevolume.com,Male,69.189.52.82
966,Ilse,Shillan,ishillanqt@nsw.gov.au,Female,84.28.16.50
967,Lennie,Hallums,lhallumsqu@google.com.au,Male,125.178.209.83
968,Paten,Treleven,ptrelevenqv@baidu.com,Male,164.152.186.126
969,Conni,Angeli,cangeliqw@vimeo.com,Female,132.128.126.111
970,Chaddy,Robertot,crobertotqx@php.net,Male,191.203.242.80
971,Der,Scyner,dscynerqy@unblog.fr,Male,141.130.185.18
972,Merrile,Sallings,msallingsqz@vistaprint.com,Female,230.50.168.90
973,Codie,Garioch,cgariochr0@amazon.com,Female,12.160.167.41
974,Miner,Scarrott,mscarrottr1@flickr.com,Male,139.107.211.181
975,Netty,Matschuk,nmatschukr2@paginegialle.it,Female,34.67.84.195
976,Alexandros,Withrop,awithropr3@yelp.com,Male,89.205.119.49
977,Sheppard,Braunfeld,sbraunfeldr4@dailymail.co.uk,Male,16.178.67.182
978,Cecile,Brandi,cbrandir5@virginia.edu,Female,85.38.121.129
979,Randie,Idill,ridillr6@mtv.com,Female,102.81.134.212
980,Lisa,Volette,lvoletter7@fda.gov,Female,94.150.77.118
981,Randie,Gayforth,rgayforthr8@samsung.com,Male,113.31.175.219
982,Sawyer,Macrow,smacrowr9@diigo.com,Male,176.185.172.67
983,Grazia,Nassey,gnasseyra@networksolutions.com,Female,0.218.100.93
984,Sigmund,Rushforth,srushforthrb@etsy.com,Male,146.13.47.139
985,Conni,Musselwhite,cmusselwhiterc@delicious.com,Female,9.204.100.238
986,Brockie,Lowman,blowmanrd@yelp.com,Male,202.209.0.234
987,Emmie,Danilyak,edanilyakre@blogs.com,Female,28.125.97.236
988,Ezechiel,Steely,esteelyrf@discovery.com,Male,190.128.95.253
989,Jarrad,Krysiak,jkrysiakrg@blinklist.com,Bigender,112.202.130.2
990,Maxine,Dable,mdablerh@narod.ru,Female,186.60.38.127
991,Weidar,Folds,wfoldsri@shutterfly.com,Male,235.35.187.171
992,Jefferey,Givens,jgivensrj@theguardian.com,Male,237.206.146.43
993,Celestina,Mantripp,cmantripprk@newsvine.com,Genderqueer,80.67.142.151
994,Pippo,Duckerin,pduckerinrl@usgs.gov,Agender,108.41.237.118
995,Alva,Volkes,avolkesrm@deliciousdays.com,Male,246.252.8.156
996,Claus,Ancell,cancellrn@tripod.com,Male,113.218.223.209
997,Waldemar,Medcalf,wmedcalfro@dell.com,Male,136.23.173.102
998,Anne-marie,Baldacco,abaldaccorp@51.la,Female,159.32.93.50
999,Warden,Stock,wstockrq@opera.com,Male,7.193.130.17
1000,Arabelle,Scrogges,ascroggesrr@toplist.cz,Female,132.55.14.136
